{
    "taskDefinitionArn": "arn:aws:ecs:eu-central-1:141507290110:task-definition/realtime-poc:1",
    "containerDefinitions": [
        {
            "name": "realtime-poc",
            "image": "141507290110.dkr.ecr.eu-central-1.amazonaws.com/realtime-poc:4e02ec9e01d3708f93609371541247141a6a6340",
            "cpu": 0,
            "links": [],
            "portMappings": [],
            "essential": true,
            "entryPoint": [],
            "command": [],
            "environment": [],
            "environmentFiles": [],
            "mountPoints": [],
            "volumesFrom": [],
            "secrets": [
                {
                    "name": "PREFECT_API_URL",
                    "valueFrom": "arn:aws:ssm:eu-central-1:141507290110:parameter/PREFECT_API_URL"
                },
                {
                    "name": "PREFECT_API_KEY",
                    "valueFrom": "arn:aws:ssm:eu-central-1:141507290110:parameter/PREFECT_API_KEY"
                }
            ],
            "dnsServers": [],
            "dnsSearchDomains": [],
            "extraHosts": [],
            "dockerSecurityOptions": [],
            "dockerLabels": {},
            "ulimits": [],
            "logConfiguration": {
                "logDriver": "awslogs",
                "options": {
                    "awslogs-group": "realtime-poc",
                    "awslogs-region": "eu-central-1",
                    "awslogs-stream-prefix": "realtime-poc"
                },
                "secretOptions": []
            },
            "systemControls": []
        }
    ],
    "family": "realtime-poc",
    "taskRoleArn": "arn:aws:iam::141507290110:role/realtime-poc_ecs_task_role",
    "executionRoleArn": "arn:aws:iam::141507290110:role/realtime-poc_ecs_execution_role",
    "networkMode": "awsvpc",
    "revision": 1,
    "volumes": [],
    "status": "ACTIVE",
    "requiresAttributes": [
        {
            "name": "com.amazonaws.ecs.capability.logging-driver.awslogs"
        },
        {
            "name": "ecs.capability.execution-role-awslogs"
        },
        {
            "name": "com.amazonaws.ecs.capability.ecr-auth"
        },
        {
            "name": "com.amazonaws.ecs.capability.docker-remote-api.1.19"
        },
        {
            "name": "com.amazonaws.ecs.capability.docker-remote-api.1.17"
        },
        {
            "name": "com.amazonaws.ecs.capability.task-iam-role"
        },
        {
            "name": "ecs.capability.execution-role-ecr-pull"
        },
        {
            "name": "ecs.capability.secrets.ssm.environment-variables"
        },
        {
            "name": "com.amazonaws.ecs.capability.docker-remote-api.1.18"
        },
        {
            "name": "ecs.capability.task-eni"
        }
    ],
    "placementConstraints": [],
    "compatibilities": [
        "EC2",
        "FARGATE"
    ],
    "requiresCompatibilities": [
        "FARGATE"
    ],
    "cpu": "256",
    "memory": "512",
    "registeredAt": "2022-08-21T10:42:28.689000+00:00",
    "registeredBy": "arn:aws:iam::141507290110:user/programmatic-access-user"
}
